{
  "display": {
    "icon": {
      "item": "minecraft:totem_of_undying"
    },
    "title": "...",
    "description": "...",
    "frame": "challenge",
    "show_toast": false,
    "announce_to_chat": false,
    "hidden": true
  },
  "parent": "survivallegends:root",
  "criteria": {
    "stone_use": {
      "trigger": "minecraft:item_used_on_block",
      "conditions": {
        "player": [
          {
            "condition": "minecraft:entity_properties",
            "entity": "this",
            "predicate": {
              "equipment": {
                "mainhand": {
                  "items": ["minecraft:totem_of_undying"],
                  "count": 1
                }
              }
            }
          }
        ],
        "location": [
          {
            "condition": "minecraft:location_check",
            "predicate": {
              "block": {
                "blocks": ["minecraft:beacon"]
              }
            }
          }
        ]
      }
    }
  },
  "requirements": [["stone_use"]],
  "rewards": {
    "function": "survivallegends:dungeonspawns/check_dungeonadvancement"
  }
}
