{
  "display": {
    "icon": {
      "item": "minecraft:dragon_egg"
    },
    "title": "Sky-Rending Constellation",
    "description": "Summon Rayquaza using a Beacon and a Dragon Egg",
    "frame": "challenge",
    "show_toast": true,
    "announce_to_chat": false,
    "hidden": true
  },
  "parent": "survivallegends:root",
  "criteria": {
    "stone_use": {
      "trigger": "minecraft:item_used_on_block",
      "conditions": {
        "player": [
          {
            "condition": "minecraft:entity_properties",
            "entity": "this",
            "predicate": {
              "equipment": {
                "mainhand": {
                  "items": ["minecraft:dragon_egg"],
                  "count": 1
                }
              }
            }
          }
        ],
        "location": [
          {
            "condition": "minecraft:location_check",
            "predicate": {
              "block": {
                "blocks": ["minecraft:beacon"]
              }
            }
          }
        ]
      }
    }
  },
  "requirements": [["stone_use"]],
  "rewards": {
    "function": "survivallegends:rayquaza"
  }
}
