{
  "display": {
    "icon": {
      "item": "cobblemon:galarica_wreath"
    },
    "title": "The Horned God of Life",
    "description": "Summon Xerneas using a Beacon and a Galarica Wreath",
    "frame": "challenge",
    "show_toast": true,
    "announce_to_chat": false,
    "hidden": true
  },
  "parent": "survivallegends:rayquaza",
  "criteria": {
    "stone_use": {
      "trigger": "minecraft:item_used_on_block",
      "conditions": {
        "player": [
          {
            "condition": "minecraft:entity_properties",
            "entity": "this",
            "predicate": {
              "equipment": {
                "mainhand": {
                  "items": ["cobblemon:galarica_wreath"],
                  "count": 1
                }
              }
            }
          }
        ],
        "location": [
          {
            "condition": "minecraft:location_check",
            "predicate": {
              "block": {
                "blocks": ["minecraft:beacon"]
              }
            }
          }
        ]
      }
    }
  },
  "requirements": [["stone_use"]],
  "rewards": {
    "function": "survivallegends:xerneas"
  }
}
